verdict,text
0, Tall hiking boots in technical cotton garbardine with padded collars for added comfort
0, Not too short not too long just right around the waistband 
0, The shoulder strap features two holes so its length can be adjusted allowing the bag to be carried by hand over the shoulder or as a crossbody style 
0, A detachable cotton-and-leather shoulder strap wraps around the entire bag like a ring 
0, The micro version of the Bale Bag combines elegance and tradition in a minimalist modern design 
0, Its name and cube-shaped silhouette is inspired by cashmere storage bales strongly evoking Loro Piana’s artisanal expertise 
0, Loro Piana’s distinctive heritage is embodied in the Bale Bag — a new icon of laidback timeless elegance 
0, Logo label at front waist 
0, Side slits 
0, Narrow straps 
0, Deep scoop neckline 
0, Our Rib Xssentials Tank features a deep scoop neckline our X logo on the front waist and side slits 
0, Laidback but always ready to stunt 
0, Relaxed fit 
0, Take extra 1 of the precious elements so that the raw 2 retain their natural structure and texture 
0, Take special 1 of your Loro Piana product to prolong its life 
0, Model measures height 5' 97 177cm bust 276 70cm waist 228 58cm hips 335 85cm 
0, Fastens with a belt 
0, Three-quarter sleeves 
0, An exaggerated fit that feels extra roomy 
0, Three-quarter sleeves 
0, Double-stitched moustache and handsewn trim
0, The soles feature a new version of the LP logo 
0, The boots are lined with lightweight and breathable kummel-coloured technical material with an antibacterial treatment 
0, Loro Piana’s rich heritage is embodied in a capsule collection defined by natural shades providing a new concept of everyday luxury and comfort for the coldest days of the year
0, Featuring a light balloon hem it is perfect for leisure-time lounging and in casual looks
0, Front and back yoke
0, Crafted with only one centre seam
0, Model wears an IT S
0, Model measures height 5' 109 180cm bust 307 78cm waist 244 62cm hips 358 91cm
0, Product Code FAN1844
0, Take special care of your Loro Piana product to prolong its life
0, Take extra care of the precious elements so that the raw materials retain their natural structure and texture
0, Loro Piana products are designed to evolve over time developing their unique character
0, This classic summertime baseball cap is defined by a soft lightweight deconstructed design
0, Its sleek silhouette is enhanced by distinctive sophisticated details
0, Monochromatic covered elastic insert at the back
0, Front embroidery with artichoke and cursive Loro Piana logo
0, Loro Piana’s rich heritage is embodied in a capsule collection defined by natural shades providing a new concept of everyday luxury and comfort for the coldest days of the year
0, Their unique finishing treatment brings out the refined qualities of the raw materials guaranteeing the cashmere’s natural comfort and pleasant feel
0, Thanks to lightweight rubber soles featuring the LP logo they are perfect for leisure-time relaxation
0, Incredibly fluffy warm clothing and lifestyle accessories that feel pleasant against the skin combining freedom of movement and extremely high-quality raw materials
0, This soft lightweight style is enhanced with Loro Piana’s iconic Suitcase Stripes making it perfect for the beach or resort
0, Dimensions 40 x 25 cm 157 x 98 
0, Loro Piana’s rich heritage is embodied in a capsule collection defined by natural shades providing a new concept of everyday luxury and comfort for the coldest days of the yea
0, A half English rib knit enhances the inherent softness and stretch of the toasty soft fibre
0, Incredibly fluffy warm clothing and lifestyle accessories that feel pleasant against the skin combining freedom of movement and extremely high-quality raw materials
0, Blanket with fringe trim in super-soft baby cashmere featuring two narrow contrasting bands
0, The name recalls the age in months of the Hircus goat kids before which this exclusive fibre has to be harvested
0, Invitingly warm and very refined perfect for both city interiors and mountain getaways
0, Size 190 x 140 cm
0, Rare supersoft baby cashmere is obtained solely from the underfleece of Hircus goat kids
0, Loro Piana logo ring on one edge
0, Featuring draped shoulders this long dress embodies the dynamic adventurous spirit of the Andes
0, Its slinky figure-enhancing silhouette provides an elegant feminine allure
0, Closure on the left shoulder with metal logo buttons
0, Everything you like about Levi's 511 Slim but updated with a narrow fit through the thigh and tapered leg
0, The 512 Slim Taper Jean has a tailor-inspired cut that works best for slimmer builds
0, Tapered leg 1275 leg opening
0, Immense comfort and modern style combine to make these slim-fit Core 1 jeans from INC International Concepts® the perfect choice for your new favorite pair
0, Front pockets welt pockets at back
0, Club Room makes it easy to get up and at 'em with the comfort and style of this business-casual button-front in stretch cotton
0, Bring a modern feel to your business-ready look with these dress boots from Club Room featuring sleek faux-leather uppers and padded collars for all-day comfort
0, Made from cozy cashmere Charter Club's turtleneck sweater is ready to keep you warm in style
0, Our three-button cardigan features a shaker-stitch knit and a classic V-neck that's perfect for layering all year long
0, ABOUT THE BRAND Our new brand was designed for and with women like you
0, Made for your body your style and your truth
0, As your wardrobe's best friend these mix-and-match pieces work with everything in your closet
0, Slip into a sophisticated menswear-inspired look with the classic tailoring and hardware details on these Dailyn loafers from Giani Bernini
0, Foot-molding memory foam sock with extra cushion at the heel
0, This wonderfully warm down vest has a cinchable hem that lets you customize the shape and keep out cold drafts
0, Our Savage X Boxer Briefs feature a matte logo waistband and contoured front pouch for ultimate all-day comfort and support
0, Front contour pouch
0, Matte logo elastic waistband
0, For a versatile outdoor training layer that keeps you agile cool and visible at night look no further than our Men’s Active Mesh Quarter Zip Top
0, Strategically located mesh fabric is engineered to deliver airflow where you need it most with a convenient quarter zip for further temperature regulation
0, Castore branding at left chest
0, Reflective detailing
0, Centre front quarter zip 
0, Back ventilation for improved breathability
0, High-stretch quick-drying fabric
0, Funnel neckline
0, The INEOS Performance Cap is the perfect choice for outdoor activities
0, Constructed with soft lightweight fabric the cap provides protection from the sun's rays and is breathable to keep you cool
0, The adjustable back closure ensures a comfortable fit 
0, Look and feel the part when hitting the gym in our Short Sleeve Raglan Tee
0, Featuring the iconic Castore branding on the chest and sleeve you’ll look the height of style And with raglan sleeve construction you can enjoy an unlimited range of movement during every indoor workout 
0, Raglan sleeve 
0, Self-fabric collar at neck
0, The Protek midweight Insulated Jacket is a perfect wardrobe addition to wear before and after your workout 
0, Clear and bold branding 
0, Shower-resistant it’s particularly useful in adverse weather conditions 
0, Show off your support for the Stags with the Junior’s Mansfield Away Shirt
0, Available in a Flame Scarlet colourway this shirt is a must-have for any passionate Mansfield fan
0, Designed with set-in sleeves a cross-over V-neck collar and twin stitch needling at the hem the Shirt’s intricate details pay homage to the dedication of the fans players and historic legacy of the club
0, Ribbed Knit at Neckline and Taped Shoulder Seams for Comfort
0, Centre front full zip
0, Push for better in the elements with the Men’s Zone Hybrid Jacket
0, Castore branding at collar and sleeve
0, Reflective detailing ensures you can continue in low visibility and padded panels provide added warmth – so nothing stops you from performing
0, Complete with a dynamic screen-printed graphic on a high-stretch fabric to ensure that you’ll stand out whatever the weather
0, Give your feet the support and comfort they deserve with our Golf Ankle Sock 
0, This core golfing accessory enhances breathability with mesh panelling ensuring you feel fresh on the course all day
0, Go beyond your limits with the Women’s Protek Performance Tank Top
0, The fitted style offers a sleek silhouette
0, Complete with a racer-style vest at the back and mesh side panels for enhanced breathability this Tank Top is designed to take your performance to new heights
0, Our soft Protek Performance Legging will keep you secure and comfortable during your workouts thanks to minimum flat seaming and a supportive waistband
0, For added convenience the high-stretch and quick-drying bottoms feature an internal back pocket too
0, Dimensions W52cm x H28cm x D28cm 
0, You can also customise your bag for style and comfort with an adjustable or removable padded strap 
0, Everyday ankle socks for athletes
0, Offering crafted and comfortable support for day-to-day life and a stretch fit with rib detailing that ensures they stay perfectly in place whether you’re at work or working out
0, Finished off with a clean-cut design
0, Style these Junior’s Charlton Away Shorts with a matching Away Shirt to get the complete look of the pros
0, With a subtle graphic to the side seam a contrast panel on the back legs and the Red Robins club crest to the leg everyone will know where your loyalties lie
0, This Protek V-neck Long Sleeve Tee has been engineered for moderate- to high-intensity training with a slim athletic fit for improved comfort
0, The sweat-wicking material also ensures you get the most out of your workouts 
0, High-stretch breathable and quick-drying fabric 
0, Slim athletic fit 
0, Perfect for kicking back by the circuit this Core Overhead Hoodie is a quality comfort piece from the Oracle Red Bull Racing Core Monobrand collection
0, with a brushback overhead hood for even greater comfort
0, Push your limits despite the elements in the Junior’s Standard Track Jacket
0, The sleek fit pairs with a funnel neckline for enhanced protection while set-in long sleeves provide warmth and support on colder training days
0, Castore branding at left chest
0, Centre front full zip
0, Set-in long sleeves
0, Funnel neckline
0, Description Stay warm this season with our Ultra Snood engineered from high-stretch fabric so it’ll never compromise your movement
0, The mesh front panel provides optimum breathability while the elastic fastening offers flexibility to find the perfect fit
0, Made from lightweight stretchy material in a closer-to-the-body fit you’ll look stylish and feel comfortable while you train
0, Your go-to sportswear for low- to moderate-impact training the Protek 1 4 Zip Top allows for a wide range of movement
0, Asymmetric neck
0, Long sleeves
0, Knitted jumper
0, Ribbed trims
0, Crew silhouette covers your ankle and lower calf
0, Ribbed arch band offers a supportive feel
0, Power through your workout with the Nike Everyday Cushioned Socks
0, The thick terry sole gives you extra comfort for footdrills and lifts while a ribbed arch band wraps your midfoot for a supportive feel
0, Dri-FIT technology helps keep your feet dry and comfortable
0, Thick terry sole provides comfort and impact absorption
0, Make a splash!
0, Perfect for even the greyest days these tall wellies are designed with chunky treads and decorative buckle fastenings at the calf
0, Tackle drizzly days in style with our leopard print patent wellington boots at an on-trend ankle length with chunky treads
0, Our wellies are without a doubt one of our most popular products and this season they're available in this modern ankle-length style complete with cosy fleece lining
0, The sole is gently ridged and grippy giving a little extra stability on wet ground - perfect for jumping in muddy puddles all day long!
0, Our Children's Wellies are without a doubt one of our most popular products and are available in plenty of great colours to co-ordinate with our outerwear styles
0, The sole is gently ridged and grippy again in lighter weight rubber to make them not as heavy as other brands
0, Ridged soles for grip
0, With anti-sweat lining they're comfortable enough for all-day wear splashing in those puddles
0, Wellie boot bags available to help keep cars and floors clean
0, With anti-sweat lining they're comfortable enough for all-day wear splashing in those puddles
0, Anti-sweat lining
0, Designed with a contrast black satin shawl and a lapel pin complemented further by the satin-covered buttons
0, Make a statement with this contemporary velvet jacket
0, Padded tongue and collar with modern top line
0, Archival-inspired eyerow and overlays with crafted stitching details
0, Just in time for cooler weather the Chuck Taylor All Star Malden Street gets refreshed for fall
0, On-trend color palette
0, OrthoLite cushioning for all-day comfort
0, Mid-top shoe with faux leather upper
0, from open fields to crowded streets
0, Grounded tones encourage you to explore your surroundings
0, these structured Chucks are easy to wear all year long wherever you go
0, Bringing together faux leather in trending colors
0, Just in time for cooler weather the Chuck Taylor All Star Malden Street gets refreshed for fall
0, Welcome our round polarised sunglasses into your accessory arsenal for effortless appeal
0, Not just a stylish addition to your sunny-day ensembles they keep your eyes shielded with their high-quality polarised lenses
0, Ready for anything from beach visits to street-style statements they come with a soft case for when you're on the move
0, Ray-Ban Cats 5000 Classic sunglasses feature a reinterpretation of the iconic Aviator into a lightweight propionate plastic frame material
0, Super soft fleece lined legging
0, Quality comfort fit
0, Warm and cosy
0, The iconic clog that started a comfort revolution around the world now with adorable built-in glitter all over!
0, It's the irreverent go-to comfort shoe that you're sure to fall deeper in love with day after day 
0, Incredibly light and fun to wear
0, Ventilation ports add breathability and help shed water and debris
0, Easy to clean and quick to dry
0, Pivoting heel straps for a more secure fit
0, your ultimate style destination for all of life’s essentials
0, With quality at the heart of everything we do Next interprets the latest trends to create modern effortless easy-to-style pieces for your home and wardrobe
0, The unique gathered shoulder sleeves add a feminine touch to the overall design
0, Shop now and enhance your collection of casual dresses!
0, Enhance your casual look with a touch of high style with these designer images Crafted in quality materials with a lovely hue that graces its expanse this pair is a must-have
0, Shades of light blue and green can be seen throughout as the slim cropped silhouette is finished with subtle woven branding along the bottom hem
0, Butterfly Garden Green Crop T-Shirt from Petals by Petals and Peacocks
0, The shirt is decorated with the iconic Santa Cruz Dot logo at the left chest as well as a larger logo graphic at the back with a mountain range and fish
0, Knockout Green T-Shirt from Girl
0, Screen-printed graphic on front
0, Live Laugh Love Black & White Raglan Crop Long Sleeve T-Shirt from JV by Jac Vanek
0, This product was made in a factory where RISE programs advance women's empowerment and gender equality
0, Smart sophistication gets a step up in the chunky block heels and walkable platforms of the sleek Tiannaa booties from Sun + Stone
0, Layered appearance with a grey short sleeve tee and long sleeves with green ands black stripes throughout
0, Stretchy vibrant and fashionable what's not to love? The A-Lab Patina is outfitted in a wonderful tie-dye blend of pink and purple and has a slim cropped long-sleeve silhouette that's accented by the lettuce detailing on both the sleeves and bottom hem
0, Your new favorite 30-liter travel duffel has a smart shape and sturdy yet light structure making packing easier than ever
0, With a large U-shaped opening bag access is easy
0, The bag’s construction is unusually strong for a duffel
0, It stays standing upright even when empty making packing a breeze
0, Interior pockets let you separate shoes from clothes or clean and dirty garments
0, The bag also features hidden padded shoulder straps in the top lid pocket if you prefer to carry your duffle like a backpack
0, Like all our travel bags the main zipper is lockable
0, Our most ergonomic duffel with a smart sturdy structured design
0, Suave elegance for this smooth all-leather wallet adorned with an understated brushed metal crocodile
0, Timeless and impeccable
0, Basic long sleeve sweater available in various colours with a high neck and ribbed trims
0, Two must-have bags for the value of one! No Boundaries’ 2-Piece Gift Set features a mini backpack and fanny pack to effortlessly switch up your style to complement any look
0, These lightweight durable breathable gym gloves adhere to the palm of your hand to ensure maximum grip
0, This style is customised with a contrasting logo
0, Cut in a slim fit these five-pocket jeans feature a dark wash making them a cool alternative to your everyday denim Dress them up with a crisp shirt or wear them on the weekends with an easygoing pullover
0, The primary materials that compose this product contain a minimum of 20 percent recycled content
0, Stay fresh with these gorgeous sneakers from Athletic Propulsion Labs APL !
0, Vegan construction
0, Pull-tab at the back for easy on-and-off
0, Brand name logo featured at the center of the tongue
0, This pair feature a zipped fly with button fastening belt loops and an adjustable waist for a more secure fit and the classic five pockets for denim that include a branded coin pocket 
0, Finished with the brand's signature logo emblazoned to the rear branding patch
0, Add a unique look to your activewear with this contemporary sneaker enhanced with an allover geometric pattern The sturdy sole and lace-up fit give your feet plenty of comfortable support
0, Featuring printed back neck labels which are supersoft on baby’s neck 
0, These sleepsuits have integral scratch mitts up to 3-6 months and the feet are designed with lined inners for comfort
0, Nickel-free poppers ensure no irritation to delicate skin and no harmful dyes or chemicals have been used keeping your baby safe
0, Each sleepsuit features a fun character design to brighten their very first wardrobe
0, T-shirt by Daily Paper short sleeves ribbed crewneck collar and embroided brand's logo on the front
0, Details Two-tone Printed text with Hood Long sleeves Knit cuffs Drawstring on the hood Fantasy cut
0, A velvety suede Hat Attack baseball cap with a luxe modern look
0, Stock up on your youngster's comfy collection with this lightweight hoodie sporting a whimsical line from a classic carol
0, Molded underwire cups lend structure to this Elle Macpherson Intimates bra cut in a delicate mix of lace and mesh
0, This classic henley is a must-have thanks to comfy fabric athletic rugby stripes and a timeless henley profile Pair with denim or chinos for a crisp casual look
0, Three-button henley placket
0, This high-waisted pleated skirt delivers on both drama and elegance
0, Falling just below the knee in an A-line silhouette this piece is the perfect length for every setting or occasion
0, Best paired with a crop top or fitted tank
0, Slip on glitter flats from Lucita for your little lady
0, The gold ballerina shoes features shimmery texture all over and a convenient slip on design
0, It features synthetic upper and manmade sole
0, It will lend delicacy and a feminine touch complementing her outfits
0, Features Elastic Cuffs Internal Pockets Zipper or Storm Flap
0, For over 200 years we have been producing fashionable and timeless bags
0, However our strengths include not only the production but also the development and technical implementation
0, We attach particular importance to the seamless combination of the designer's vision with the inventions and innovations of our technology experts to stylish innovative bag creations
0, n a gorgeous fit and flare shape the camilla floral dress is easily paired back with platform sneakers for that sporty vibe or with bootsslides for a dressy night look
0, Adorned with the nautical stripes this classic Harbour style has long sleeves a flattering boat neckline and a relaxed fit
0, The ultimate magisculpt straight leg trouser with exclusive built in support panel to control your tummy
0, Comfort fit stretch waistband with functional zip fastening
0, Distressed along the sole for a vintage look the Superstar sneakers from Golden Goose are a directional choice for casual rotations
0, Accented with the signature star appliqué the low-top silhouette is crafted in leather with logo embossing to the heel tab
0, Inspired by retro athletic sneaker styling these low-tops feature logo accents throughout finished with bright orange detailing for a bold look
0, Whether you're rocking the California Republic Bear Flag or one of our popular sea life designs this hoodie won't let you down
0, Don't settle for anything less than the original - California Republic Clothes
0, As a side effect of the screen-printing process you may see a small faint box on your shirt sweatshirt
0, All our products are backed by our top-notch customer service
0, Be seen in one of the highest-quality classic fit pullover hoodies around
0, For over 30 years California Republic Clothes products have been printed in beautiful San Luis Obispo California and we use only the finest garments
0, Our hooded sweatshirts are ultra comfy and use air jet yarn which results in a softer feel and reduced pilling
0, Add a smart feel to your off-duty look in this elegant Formal T-Shirt from Oasis
0, Crafted in a lightweight blend with a scoop neckline fitted shape and short sleeves to finish
0, Versatile by nature team with tailored trousers at the office or add skinny jeans and espadrilles for a chic daytime ensemble
0, Designed to be that perfect “extra layer all year long in soft yet rugged twill with incredible texture
0, Our all-season shirt jac is the grab-and-go layer you’ll reach for again and again
0, We chose a soft comfortable twill fabric with substantial texture that looksand feels great
0, Containing an aqua blue unicorn cross back vest top with a silver glitter slogan plus matching white printed shorts it's perfect for nightwear
0, Crafted with high quality stones this pendant is the perfect accessory for any ensemble on any occasion
0, Our complimentary 18 Chain makes sure that this piece is stunning and all around flattering
0, Get wonderful comfort and support with the Zero Feel bralette made from supersoft 360° stretch jersey with extra- flat seamless finish
0, For maximum freedom of movement ultimate comfort and zero weight the bralette comes with seamless cups for an ultra discreet wear
0, The pads are also removable for a gentle shaping effect
0, Our top-selling silhouette is now available in hand-crochet
0, Our Sequoia crochet hobo is an easy everyday choice with a spacious interior that easily collapses to pack or organize
0, The sak is b corp certified given to companies that meet the highest standards in creating a positive social and environmental impact while highlighting their commitment to people products and the planet
0, Comfortable and stylish cotton tee ideal for outdoor and every day wear 
0, The North Face Men’s Redbox Tee combines a cosy cotton construction with a crew neck to improve comfort and fit during activities
0, White knitted jacquard top from Ermanno Scervino
0, These pants have been made with the hard working individual in mind
0, There is nothing worse than having a pair of pants fall apart on you after only having worn them a handful of times
0, Whether you are looking for clothes for work or for home we have got it all
0, No matter your profession we have the work pants you need from indoor medical retail and academic professions to outdoor yard work construction and welding
0, We have a variety of styles materials and colors to ensure that you find exactly what you need
0, Driven by a relentless pursuit of innovation as well as decades of accumulating sports science expertise we cater for all from elite professional athletes and teams to any individual who wants to make sport part of their lives
0, Featuring essential lines and a minimalist look these shoes feature a lightweight breathable mesh upper
0, Extra soft cushioning provides extended comfort
0, This Mac Duggal satin gown features a draped strapless bodice
0, A full A-line skirt with a high-low bubble hem defines the look
0, Item made in Italy synonymous with quality and design creativity
0, knitted mélange medium-weight knit no appliqués two-tone crewneck long sleeves no pockets
0, From durable chore jackets to checked wool cardigans loose carpenter trousers and cosy beanie hats meet your new everyday uniform 
0, Inspired by the workwear of the 1970s midlands working class town that founder David Keyte grew up in Universal Works offers menswear designed in Nottingham and produced in small quantities
0, With its structure and soft touch it's perfect for everyday wear 
0, It not only wears well but also exudes an appealing aesthetic 
0, It stands as a unique addition to your collection seamlessly combining function and fashion 
0, Designed with a regular fit this cardigan features an elegant five-button front closure jersey-bound cuffs hem and placket along with versatile multi-use patch pockets 
0, a distinguished piece of knitwear that effortlessly blends comfort and style 
0, Its exceptional comfort timeless design and functional features make it a versatile choice suitable for various settings from casual outings to more formal occasions
0, Universal Works Fleece Cardigan in Grey Marl 
0, Why Silks Loves Effortlessly chic holiday staple
0, The soft drapings and ruching effect is wonderfully flattering It has a detachable strap that can be worn halterneck and a lovely high back that shows off your waist beautifully 
0, Roidal Linda Swimsuit The winner of strapless swimsuits in a stunning emerald green colour 
0, synthetic jersey techno fabric openwork brand logo solid colour with appliqués high waisted elasticized waist slim-leg pants sporty
0, Boot length 4 88 inches Boot width 10 53 inches Heel height 2 34 inches
0, twill belt brand logo solid color high waisted elasticized waist multipockets small sized cargo
0, synthetic jersey brand logo solid color stretch bralette
0, jersey brand logo solid color with print high waisted elasticized waist lifestyle no pockets stretch
0, jersey brand logo solid color with print round collar short sleeves
0, lace crepe frills basic solid color round collar short sleeves no pockets rear closure hook-and-bar zip fully lined stretch pencil style
0, crepe ruffles floral design round collar 3 4 length sleeves no pockets snap button fastening rear closure unlined
0, This garment contains a Digital ID meaning you can discover a world of
0, The model is wearing an Italian size S 40 
0, Cut for a slim fit with long sleeves and a mock-neck silhouette this stylish layer slots easily into your wardrobe 
0, Made in Italy this chenille top from 8 by YOOX will elevate any look 
0, Item made in Italy synonymous with quality and design creativity 
0, Handle drop 6 63 inches Depth 0 98 inches Height 8 97 inches Length of handle 17 55 inches Width 11 51 inches
0, Front closure with five buttons
0, Curved 'V' neck collar
0, Jersey-bound cuffs hem and placket
0, Singular patch chest pocket
0, two generously sized patch hand pockets
0, Convenient inside pocket
0, Get ready for the cold and keep up with the latest trends with the Äike puffer jacket 
0, Built with comfort and warmth in mind this model is lined with a featherless insulation layer and designed with seamless chambers 
0, If you're already a smarty pants then all you need to complete the look is the Smarty 3-in-1 Form Jacket!
0, Durable versatile and warm when you want it to be this 3-in-1 is equipped with the Hoodlink system that makes packing a breeze
0, If you thought you couldn't get any smarter take a spin in the Smarty 3-in-1 Form Jacket and see what happens
0, Raglan sleeeves 
0, Modern Fit – Not too loose not too slim 686's Modern Fit leaves enough room to accommodate all riding styles without sacrificing style
0, With all sealed seams it provides effective protection against rain and the most humid climate 
0, CP Company DD Shell Down Jacket in Olive Night 
0, One of the best items from CP Company's annual offerings this puffer jacket offers a unique aesthetic and total warmth 
0, A two-way zipper makes an appearance alongside zipped pockets for on-the-go storage elasticated cuffs and an adjustable hood and hemline for a perfect fit 
0, The brand's iconic lens completes the look 
0, Roidal Linda Swimsuit The winner of strapless swimsuits in a stunning cobalt blue colour 
0, The soft drapings and ruching effect is wonderfully flattering
0, It has a detachable strap that can be worn halterneck and a lovely high back that shows off your waist beautifully
0, Your kiddo will be ready to face blustery weather with this puffy coat boasting high-density construction and a silky bright finish 
0, Based in Dubai the brand promotes conscious and sustainable apparel offering versatile essentials that are perfect for mixing and matching 
0, Made in India
0, Models Height 5 Feet 9 Inches 175 cm
0, This relaxed-fitting James Lakeland ruffle blouse has a ruffle detail running the length of the front of the blouse and a long sleeve finished with a smock detail cuff
0, A wearable work-to-weekend piece 
0, Ruffle detail Smock detail cuff Futures long sleeve and V neck
0, Keep all your night out essentials safe in our mini pouch Bag 
0, An elegant timeless piece that will match with most if not all outfits
0, This diamante bag features a chainmail strap 
0, You will be sure to get plenty of compliments with this bang on trend Clutch Bag
0, a warming yet breathable wear designed with a ribbed crew neck long sleeves with ribbed wrist cuffs 
0, It doesn't get much more comfortable than this Its extra-stretchy fabric moves with you not against you so you never feel held back on the course
0, Small high stand collar with concealed metal snap buttons
0, Grab your fruity cocktail because this tropical maxi dress is giving us serious island feels
0, Floor-length dresses like this one are hot AF right now and this scoop-back maxi dress is no exception
0, This ankle boot features a classic stiletto heel softly sculpted square toe and subtle stitching details creating a minimalistic design
0, Constructed with a classic slender stiletto heel pointed toe and comfortable footbed Foxy is versatile creating endless styling possibilities
0, These work clogs by Joybees are made for professionals in the culinary and medical space
0, Classic hoop earrings go glam with the addition of sparkling heart shaped cubic zirconia stones 
0, The glasses are finished with a whimsical floral print at the interior and discreet Kate Spade New York logo lettering at the outside
0, They have a Cat Eye shape and come in 3 colors which are Black Deep Turquoise and Mulberry with 2 sizes which are 4917 130 and 5117 135 
0, These running sunglasses are the ideal companion for your daily runs races and outdoor adventures
0, Don´t settle for subpar sunglasses when you can enhance your running experience with Sizzle shield sunglasses
0, Designed specifically for runners they exude the perfect combination of fashion and functionality
0, The extended wrap of the lens coupled with calibrated rigidity and low profile temples make Encoder an obvious choice for a broad range of sports across a variety of light conditions 
0, The progressive wrap design creates a unique look with superior coverage and enhanced field of view
0, Purpose built for use across multiple sport categories Encoder is a sport performance style designed with hat and helmet fit functionality in mind
0, Oversize rectangular masculine shape Web and the Sylvie motifs enameled on wirecore for a see through effect Classic colour palette of black and havana tones in contrast with Wirecore enameled House colors
0, This sun style features a standout wraparound frame and the iconic Return to Tiffany heart 
0, Square frames deliver high tech performance and classic style for these modern optical glasses 
0, The polarized lenses help prevent glare and the mirrored lens build delivers a vibrant look 
0, Enjoy a sunny day on the beach wearing the Blenders Eyewear Adults Class X2 Sunglasses 
0, Finished with Ralph branding lasered to the left lens and engraved to the gold toned hardware trim at the temples
0, They have a Square shape and come in 4 colors which are Black Brown Havana and Light Brown with 2 sizes which are 5217 145 and 5417 145 
0, Named after a well known surf spot on the Big Island these lightweight and durable sunglasses ensure performance and comfort 
0, Maui Jim Banyans Sunglasses provide unisex rectangle shaped frames designed to withstand the toughest of conditions
0, Translucent frames with contrast temples bring a fresh modern look to these squared off optical glasse styled with a keyhole bridge 
0, Dimensions Lens height 58 mm lens width 60mm bridge width 17mm
0, Polarized lenses offer superior visual clarity in oversized oval sunglasses that offer full coverage UV protection 
0, We know life isn't always smooth sailing but sometimes the smallest things can make it better
0, The SmartBuyGlasses prescription lenses option is a great choice so your eyeglasses arrive on your doorstep ready to wear
0, Our lenses are coated with a special advanced coating which renders them anti glare and scratch resistant
0, These Saint Laurent square sunglasses are a contemporary classic featuring dark tinted lenses set into thick acetate frames with logo embossing at the temples
0, These frames are a great fit with their Lavender Fields Violet color
0, Bold angular frames enhance the retro appeal of these Italian made sunglasses complete with logo accents at the temples 
0, The feminine cat eye frame shape pairs elegantly with the tubular temples in any of the chic colour choices including a full check option
0, ee without glare getting in the way thanks to the Maverick Lifestyle Polarized Square Sunglasses 
0, High protection against sunglare good UV protection not suitable for driving at twilight at night or under dull light
0, Sophisticated material mixes and glowing colours frame the architectural framework of contemporary Persol design 
0, Cat eye acetate frame sunglasses in black
0, bringing precision craftsmanship and a feminine vision to the label's signature edge
0, Defined with a curved browline these sunnies are finished with Ralph logo lettering imprinted onto the left lens and slender temples
0, From classic everyday looks to edgy playful styles shop our range of Armani Exchange frames for women and men and discover how Armani elegance transforms into a casual youthful and urban attitude
0, AX Armani Exchange glasses and sunglasses interpret the refined Armani style with a trendy modern touch
0, The non slip temples and integrated nose pads will prevent wobble while the optical hinges will provide a nice fit 
0, They are one of the best polarized fishing sunglasses on the market 
0, Polaroid is a company that generates innovation
0, Pucci's butterfly sunglasses are designed in a signature abstract print
0, Recommended use winter hiking leisure
0, Ski and snowboard goggles designed for daily wear
0, The dual layer polycarbonate lenses prevent warping while enhancing contrast to help you see bumps in the snow while the magnetic lens system allows you to adapt to constantly changing conditions
0, Richly gradient lenses and vibrantly hued temples enhance the glam vibe of sleek sunglasses fitted with full coverage UV protective lenses 
0, Ultra sleek fashionable lightweight and comfortable to wear
0, They have a Rectangle shape and come in 3 colors which are Black Crystal Havana and Dark Havana with size 5417 145 
0, They’re also worn by personalities like Henry Cavill one of the most fashionable actors in Hollywood
0, The Prizm Road lens is specifically designed to enhance your view so you can see obstacles such as rocks and ruts easily
0, Prizm Black Polarized are taken from the Performance collection from with a standard size frame which features an enhanced lens coverage with a deeper lens on the semi rimless frame which is given even more grip than previous incarnations with the stems as well as the nose pads fully covered with unobtanium that grips more with perspiration
0, They come in 3 colors which are Black Brown and Purple with size 4817 135 
1, Hand wash cold water separately lay flat to dry 
0, Durable nylon makes the Arc'teryx Essent High-Rise 28 Leggings your new go-to climbing legging 
0, Tight Fit
0, High Rise Waistband
0, Full Coverage 28 Length
0, Two Harness Friendly Pockets Stash Small Essentials
0, A huge seller at Patagonia that's just as at home at the coffee shop keeping you toasty at the computer or as a mid-layer under your outer shell the Patagonia Down Sweater uses the best and most sustainable of materials to create a slim-fitting puffy you'll find yourself reaching for day after day 
0, Two Zippered Hand Warmer Pockets
0, Interior Zippered Pocket
0, Adjustable Drawcord Hem – Hem adjusts by pulling cord in handwarmer pockets and releases with cordlocks at front hem 
0, Center Front Vislon Zipper – With wicking interior storm flap and zipper garage at chin for next-to-skin comfort 
0, Fair Trade Certified Sewn
0, Nylon Bound Elastic Cuffs – Comfortable keep sleeves at wrist and seal in warmth 
0, Regular Fit
0, Center Back – 72 cm
0, 2 Hand Pockets with YKK Zip Closure
0, Inside Stash Pockets
0, Inner Chest Pocket
0, Ski Pass Pocket
0, Life Pocket with Primaloft Insulation – Engineered to extend the battery life of your personal electronics the Life Pocket uses thermal materials and innovative construction to stay 3 times warmer than a conventional pocket 
0, Mesh Ventilation for Added Breathability
0, LifaLoft – LifaLoft insulation is a light and warm material combining Helly Hansen's unique LIFA technology with PrimaLoft insulation crafted with expertise LifaLoft retains more heat while remaining lightweight and comfortable during intensive activities 
0, It's not that you don't want to be fashionable it's just that the act of sliding on snow takes priority for you?
0, Check out the new Helly Hansen Motionista Lifaloft Jacket a fully featured insulated coat that'll keep your motor running even when the temps are trying their best to make it a challenge 
0, A healthy does of LifaLoft insulation keeps this jacket toasty and Helly Tech Performance technology keeps the water out for more fun more often on the slopes 
0, To find Zen in the unpredictable backcountry conditions you need a jacket that can keep up on both the high output ascents as well as the stormy descents and that's exactly where the Oyuki Nimi YamaPro 3L Jacket thrives 
0, Styled with a relaxed freeride fit the Goshiki Jacket is feature packed to meet the demands of hunting pow on backcountry adventures sidecounty missions and stacking lap after lap on stormy resort days 
0, YamaPro Always Dry technology keeps you protected from the elements with 20K 20K waterproof breathability Designed with articulated patterning that allows you to move freely without compromise plus backpack compatible pockets and a big helmet-compatible storm hood this jacket delivers performance from the skin track to the pillow line 
0, YamaPro Always Dry Technology – Designed and tested in Niseko Japan to keep you Always Dry and on the mountain longer 
0, Oyuki’s YamaPro has been rigorously tested to meet the relentless demands of riding big snow 
0, 20K Waterproof 20K Breathability
0, Custom Toshikazu Nozaka Artwork
0, Articulated Performance Patterning for Fit and Mobility
0, Hand Warmer and Chest Pockets
0, Secure Interior Pocket for Essentials
0, Interior Mesh Pocket for Larger Item
0, Zippered Sleeve Pass Pocket
0, Direct Interior Access Pocket – Designed to align perfectly with the Oyuki Insulator chest pocket or Oyuki bibs' chest pocket 
0, Pit Ventilating Zips with Under Arm Gusset
0, Backpack Compatible Pockets and Zips
0, Fully Seam Sealed with Custom Toshikazu Nozaka Artwork Tape
0, Helmet Compatible Storm Hood
0, Waterproof Exterior Zips
0, Shaped Cuffs
0, Powder Skirt
0, Flat Knit Toe Seam for Additional Comfort
0, Light Cushion on Shin Calf and Foot
0, Light Cushion
0, Paying homage to Oyuki’s birthplace Niseko Japan the Oyuki Pocket T-Shirt is a streetwear winter essential
0, Created with Oyuki’s key style principles in mind this garment is long lasting and easy to wear 
0, Niseko Tori Gates Graphic
0, Embrace everyday shred-tastic vibes with the evo Ice Dye Pocket Unisex T-Shirt!
0, The RVCA Kinney Mock Neck T-Shirt isn't just adorable it's a direct portal back to the golden era 
0, The pow day graphic adds a touch of fun inspiring your inner child to spread joy and stoke wherever you go 
0, Custom Ice Dye Design – Ice dye is the next evolution of tie dye that gives an unique design everytime 
0, Unique one off custom ice die technique design made exclusively for evo 
0, Give Together – evo donates 2 % of this purchase to youth-serving organizations in our community
0, Every child deserves a chance to achieve their potential
0, Cozy Soft Handed Yarn
0, Together we can equip young people facing the greatest need with the skills and support to thrive 
0, Long-Line Rib Knit Jumper
0, External Classics Flag Label At Side Seam
0, Funnel Neckline
0, Attached Hood – Has a pre-tensioned elastic opening for a secure fit 
0, Clean Front Hem with Flat-Sewn Elastic at Rear
0, Flat-Sewn Elastic Cuffs with Integrated Thumb Loops
0, Underarm Gussets – For better mobility 
0, No Shoulder Seams – For reduced bulk and extra comfort while you're wearing a pack 
0, Flat-Locked Stitching – In key zones for next-to-skin comfort
0, Side-Entry Hand Pockets with Elastic Binding to Help with Your Peace of Mind While You’re on the Move
0, Whether you're hitting your routine trails for a hike or exploring the slightly intimidating 14er you've been itching to check off your list this recycled polyester fleece jacket has got you covered 
0, With its durable construction and breathable fabric you'll stay comfortable and protected no matter the weather 
0, The North Face Summit Verbier GORE-TEX Bibs are your VIP pass to mountain summits 
0, Durable Water Repellant Finish
0, High-stretch water-resistant fabric 
0, 5 6-oz 50 % Recycled Cotton 50 % Postconsumer Recycled Polyester Jersey
0, Adapt the jacket to your needs with the waterproof side zippers for greater comfort
0, 100 % water repellent 
0, Full garment sewn with waterproof threads 
0, Ideal for when you're not quite sure what the conditions will be looking like the infiDRY membrane is both waterproof and breathable for long-lasting comfort day in and day out 
0, If you thought you couldn't get any smarter take a spin in the 686 Smarty 3-in-1 Form Jacket and see what happens 
0, Hyper Articulated Fit – Built specifically around skiing and snowboarding 
0, Secure Zip Bib Pocket with Internal Gear Clip Mesh Pouch and Cord Routing
0, Two Covered Secure Zip Thigh Pockets One with an internal gear clip and mesh pouch and one with a radio loop 
0, Hood Link System – Hoodlink adds new organization to your gear 
0, By adding a proprietary clip to the one-cinch hood adjuster and a single loop inside your hood your jacket can now be rolled up and transformed into a neat packable object 
0, Slide your accessories under the bungee and you have the perfect start to any trip 
0, The evo Polartec Hooded Pullover is a hybrid baselayer designed to keep you dry and warm even when physical exertion beckons
0, A top layer to add just enough warmth to make the day a success that packs to the size of nothing and weighs next to nothing in your pack?
0, Try the Outdoor Research Shadow Insulated Anorak on for size 
0, Polartec Knitted Fleece 64 % Recycled Polyester 36 % Polyester
0, Slim-fitting technical garments may be worn over baselayers and light midlayers 
0, The North Face Circaloft Jacket is designed to perform for you in life and recycle easily when it's covered in duct tape and the insulation has lost it's loft
0, Finding clothing as versatile as the evo lifestyle is hard to come by Alas the evo Burke Stretch Shorts 
0, Charge any trail with the Wildcat on your face full coverage hybrid construction cylindrical lens sunglasses
0, Not too tight not too loose Standard fitting apparel will fit over base and mid-layers without restricting movement 
0, A progressive take on a traditional chino A regular fit through the waist seat and thigh with a mellow taper through the knee and leg opening 
0, Backed backed with a wicking interior storm flap and zipper garage at chin for next-to-skin comfort
0, Hem adjusts by pulling cord in handwarmer pockets and releases with cordlocks at front hem
0, They might be growing in and out of their gear constantly but with these merino blend socks it'll be a little more comfy 
0, The Smartwool Light Cushion OTC Socks feature cushion common pressure points: the shin calf and foot 
1, Do not dry clean 
1, Do not iron
1, Tumble dry low 
1, Do not bleach 
1, Machine wash cold 
1, Wash with like colours 
1, Machine wash cold water with like colors gentle cycle wash inside out lay flat to dry 
1, To clean the suede uppers gently rub in the direction of the nap using a sponge soft-bristle shoe brush or cloth designed for cleaning suede
1, Clean the soles with a damp light-coloured cloth 
1, Avoid using soap or chemical cleaning products on any parts of the shoes 
1, Do not machine wash
1, Clean with a microfibre cloth
1, Check the label for washing
1, We recommend using a professional cleaning service
1, Machine washable
1, Machine wash
1, Do not bleach
1, Machine wash cold
1, Machine wash cold with like colors gentle cycle tumble dry low 
1, Recycled microfiber fabric 
1, Body 78 % Recycled Nylon 22 % Elastane Lining 88 % Nylon12 % Elastane 
1, Contrast 97 % Cotton 3 % Elastane 
1, Body 70 % Cotton 30 % Polyester 
1, Silk lining 
1, Composition 100 % Silk 
1, Rib knit fabric 
1, Body 57 % Cotton 38 % Modal 5 % Elastane 
1, This handcrafted style is made from calfskin with an exceptionally soft uniform natural grain
1, Details 100 % calfskin 75 % polyamide and 25 % elastane lining 100 % rubber sole 
1, Composition 76 % Polyamide 24 % Cotton 
1, Bra lining 81 % Nylon 19 % Lycra elastane 
1, Trim Middle layer 89 % Nylon 11 % Elastane
1, Specific Features Lining 100 % Suede
1, Composition 100 % Calfskin
1, Crafted from ultra-lightweight cotton and silk yarn
1, Lining 100 % Calfskin Soles 100 % Rubber
1, Crafted from natural pure cashmere yarn this cropped V-neck jumper is defined by a fluffy soft texture micro-perforated motif and exceptionally comfortable light weight
1, Composition 100 % Cashmere
1, Crafted from naturally fresh compact linen crêpe it is a versatile sporty accessory
1, Linen lining with grosgrain trim
1, Composition 100 % Linen
1, Slippers made from soft Cashfur an innovative cashmere-and-silk fabric that uses only the softest most meticulously selected fibres
1, Composition 85 % Cashmere 15 % Silk
1, Insoles 100 % Cashmere
1, Soles 100 % Rubber
1, Rectangular beach pillow made from cotton terrycloth
1, Composition 100 % Cotton
1, Specific Features 84 % Viscose 16 % Polyester
1, These long legwarmer socks are crafted from natural pure cashmere yarn
1, Composition 100 % Cashmere
1, Composition 100 % Cashmere
1, Crafted from naturally fresh lightweight linen crêpe canvas it is enhanced through the use of archival designs and special finishes that make the fabric exceptionally soft and flowing
1, Composition 100 % Linen
1, Cotton elastane
1, Cotton spandex
1, Polyester spandex
1, Trim filling 75 % Recycled polyester 25 % Polyester
1, Outer back upper panel 65 % Nylon 35 % Elastane
1, Cotton modal fabric
1, Body 57 % Cotton 38 % Modal 5 % Elastane
1, Dry clean only
1, Machine washable
1, Wipe clean only
1, Do not use biological detergent
1, Do not iron print
1, Do not dry clean
1, Wash at 30 degrees
1, Do Not Bleach
1, Do Not Tumble Dry Or Iron
1, Wash With Like Colours
1, And you can head to the showers in style with the iconic Castore jacquard branding on your new favourite towel 
1, do not iron print wash with similar colours
1, wash inside out
1, turn inside out before washing to avoid snagging
1, do not dry clean
1, iron at maximum sole plate tempurature 110*C without steam
1, do not tumble dry
1, Mild wash process at 30 degrees
1, Normal wash process at 30 degrees
1, Iron at maximum sole plate temperature 110 degrees without steam
1, Crewneck Fleece lining
1, Available as a single sweater or in a pack of two it also comes in an array of colours
1, Finished with fleece lining and a ribbed detailing along the neckline and cuffs this crew neck is ideal for layering over school shirts
1, Made from a cotton-rich blend for a comfortable feel this blue crew-neck sweater is an ideal addition to their school uniform
1, 80 % Cotton 20 % Polyester
1, Main 99 % Cotton 1 % Elastane Lining 55 % Polyester 45 % Cotton
1, 61 % Polyester 35 % Cotton 4 % Elastane
1, 100 % Plastic
1, Main 80 % Plastic 20 % Metal Lens 100 % Plastic
1, Main 100 % Cotton Lining 100 % Polyester
1, made using synthetic acrylate glue
1, Made from natural rubber they are soft supple flexible and comfier for little feet than plastic wellingtons
1, Made from natural rubber they are soft supple flexible and comfier for little feet than plastic Wellington boots
1, 67 % Cotton 30 % Polyester 2 % Elastane 1 % Nylon
1, 100 % Lambswool
1, 3 THREAD BRUSHED - 70 % COTTON 30 % POLYESTER 
1, 98 % Polyamide 2 % Elastane
1, 82 % polyamide 18 % elastane
1, made from a premium cotton and polyester fabric blend
1, Polyester and cotton-blend fabric 
1, 100 % cotton
1, Made from high-quality 100 % cotton our Gym Towel is a must-have to keep the sweat at bay throughout your workout
1, 100 % organic cotton 
1, 100 % Polyester
1, 82 % polyester 18 % elastane
1, Use mild detergent
1, Close all closures before washing
1, If the garment is drying in the air turn and shake several times
1, Filling 50% Duck Down 50% Duck Feather
1, Upper Material 100% Polyester
1, Lining 100% Polyester
1, Wash and iron inside out
1, Base Yarn 100% Cotton
1, Upper Material 100% Polyester
1, Dry flat
1, Use mild detergent
1, Do not iron the ornaments
1, Made from a blend of 95 % polyester and 5 % elastane with a lining of 95 % polyester and 5 % elastane this dress offers both comfort and style
1, Made from soft 100 % cotton the crop top is finished with a ribbed neckline for comfort
1, Machine wash cold tumble dry low
1, Made using stretchy spandex fabric the Butterfly Garden green crop t-shirt from Petals by Petals And Peacocks features dream-like floral imagery sublimated throughout95 % cotton 5 % spandes
1, The Retreat sage t-shirt from Santa Cruz is constructed from a soft lightweight cotton and comes in a light green colorway 100 % cotton
1, Machine wash warm inside out tumble dry low
1, Care Instructions Machine wash or professional dry clean
1, Composition 95 % PolyesterComposition 5 % Elastane
1, Care Instructions Machine wash or professional dry clean
1, The Knockout t-shirt from Girl is made of 100 % cotton and comes in a green colorway with a light blue logo screen-printed onto the chest for bold branding
1, Composition 95 % Polyester Composition 5 % Elastane 
1, Care Instructions Machine wash or professional dry clean
1, Primary Material Stainless Steel
1, The Rhinestone Skull t-shirt from Personal Fears is made of 100 % cotton and comes in a black colorway with a unfinished crop cut on the bottom hem 100 % cotton
1, This t-shirt is made of a cotton-spandex blend with a boxy cropped fit that can be easily paired with high-waisted pants for a 90's throwback look95 % cotton 5 % spandex
1, Microfiber fabric upper polyurethane jersey fabric lining manmade sole
1, This shirt is made of a modal polyester and spandex blend and features a slim fit for all day comfort49 % modal 49 % polyester 2 % spandex
1, Upper synthetic materials Lining And Sock synthetic materials Outer other synthetic materialsPlease note due to fabric used colour may transfer
1, Wooden buttons47 % Cotton 47 % Lyocell 5 % Elastane
1, Do not bleach
1, Iron at a low temperature
1, Machine washable at 30
1, Do not tumble dry
1, Composition 100 % Acrylic
1, Made from soft 100 % cotton the womens Dragon Dot t-shirt is finished with a ribbed crew neck for comfort100 % cotton
1, LiningPolyamide 100 % Duck Down 90 % Feather 10 % OuterPolyamide 100 % 
1, Made of a soft cotton blend this style is the perfect basic tee for pairing and layering
1, 57 % cotton 38 % polyester 5 % spandex
1, Shell 100 % Polyester - Lining 100 % Polyester
1, Close hook and loop before washing
1, Do not use fabric softener
1, Remove promptly from the washer
1, Some fading may occur on bright colours
1, Tumble dry garment to reactivate water repellent treatment
1, Wash separately
1, The Scout series is built with durable 600D nylon with a water-resistant TPU backing 
1, Shell 100 % Polyester Coating 100 % Thermoplastic Polyurethane 600D Polyester with TPU
1, Outside Kip leather 100 % Inside Kip leather 100 % Lining Cotton 100 % 
1, Military-green cotton and linen-blendTwo front slash pockets two back flap pockets two side cargo pockets metal rivets77 % cotton 23 % linen
1, 54 % Viscose
1, Body 50 % Polyurethane 50 % PVC 
1, Lining 100 % SustainableAdjustable shoulder straps
1, 9 % Elastomultiester
1, Composition 82 % Polyester 18 % Elastane
1, Main Polyester - 95 % Elastane - 5 % 
1, Please note due to fabric used colour may transfer
1, Upper composed of 72 % recycled polyester certified by Global Recycled Standard GRS
1, Soft textile lining
1, Rubber outsole
1, Composition Gold Plated Silver Brass
1, 91 % cotton 9 % elastane
1, Keep away from fire
1, Upper Material PU Leather
1, Lining Material Polyester
1, Outer fabric material 90 % nylon 10 % elastane
1, Composition 100 % Organic cotton grown without pesticides
1, Machine wash according to instructions on care label
1, Main 94 % Viscose 6 % Elastane
1, Made with recycled brass and coated in a hard-wearing 12ct Gold or Sterling Silver Plating
1, Viscose 80 % Polyamide 16 % Spandex Elastane 4 % 
1, Dry Clean Only
1, Nylon 55 % Lycra 45 % 
1, Stainless Steel 100 % 
1, Gusset Liner 100 % Cotton Lace 82 % Polyamide 18 % Spandex 
1, Lower part 89 % Polyamide 11 % Spandex Mesh 92 % Polyamide 8 % Spandex
1, Woven Nylon Trims Elastic Cuff 74 % Recycled Polyester 26 % Polyester
1, Hand wash
1, lining Viscose 100 % Cotton 70 % Polyamide 30 % 
1, outer Cotton 99 % SpandexElastane 1 % 
1, Dry Clean Only
1, Cashmere Silk
1, Rhodium plated brass
1, 66 % Nylon 26 % Polyester 8 % Elastane
1, Made from mustard yellow leather with tapered square toes they're set on vertiginous 125mm block heels and balanced with platform soles 
1, This is a lightweight stretchy swimsuit fabric - 78 % ECONYL® Regenerated Nylon 22 % elastane
1, ECONYL® regenerated nylon is made out of 100 % nylon waste rescued from oceans and landfills like fishing nets carpet fluff and fabric scraps
1, Material Wool-Like Fabric
1, Care Instructions Hand wash or professional dry clean
1, Wipe clean with a damp cloth or sponge
1, Lining 100 % Textile Sole 100 % Rubber Upper 100 % Textile
1, 62 % Polyester 33 % Viscose 5 % ElastaneInner panel 83 % Polyester 17 % Elastane
1, Primary Upper 100 % Polyester 
1, Secondary Upper 100 % Polyamide 
1, Exterior Coating 100 % Polyurethane 
1, Lining 100 % Polyester 
1, Insert 100 % Polyester 
1, Sole 100 % Rubber
1, 65 % Viscose 30 % Polyester 5 % Elastane Silk
1, 100 % Viscose Lining 60 % Acetate 40 % Cupro
1, 95 % polyester 5 % spandex
1, 72 % Polyamide 28 % Elastane
1, Please note Do not tumble dry as the straps and rings could be damaged by the heat and break
1, Recycled Polyamide 100 % Recycled Polyamide 100 % 
1, For recycled synthetic clothing products we highly recommend using a microfibre-catching washing bag to ensure that no microplastics that can pollute water are released in the process
1, Outer fabric material 75 % viscose 25 % silk
1, 50 % Cotton 50 % Wool
1, This T-shirt from Alprausch is a beautiful short sleeve made from soft cotton with a proud declaration printed on the front 100 % Cotton
1, Material- hand crochet 33 % repreve ocean bound recycled polyester and polypropylene trim- 40 % recycled post-consumer polyester 18 % recycled pre-consumer polyurethane and polyurethane lining- repreve
1, Clean with barely damp cloth and air dry
1, Made from recycled plastic bottles
1, 97 % Recycled polyester 3 % Recycled elastane
1, Machine wash 40oC 100 % Polyester
1, Wipe clean only
1, Material Synthetic
1, Women's vest with 100 % polyester shell and 87 % polyester 13 % spandex side panels
1, Upper calfskin textile Sole rubber
1, Midnight-blue wool-twill100 % wool buttons 100 % horn Buffalo lining 100 % cupro
1, Yak wool Melamine
1, Camel wool Polycarbamide
1, 95 % cotton 5 % spandex with 100 % polyester contrast
1, Virgin wool nylon polyamide elastane
1, EVA construction provides a lightweight material with high comfort and durability
1, Care Instructions Machine wash or professional dry clean
1, Apply a waterproofing spray before the first use to protect the shoe
1, In case of stains use a soft brush or a soft dry cloth 
1, Wring gently by hand
1, No self-service cleaning allowed
1, Durable and stain-resistant twill-weave polyester exterior
1, Spot clean or machine wash air dry
1, Made from extremely soft nappa leather this lightweight comfortable style features exposed stitching across its minimalist design
1, Fabric 60 % cotton 37 % polyester 3 % elastane
1, Our swimsuits are machine washable but we recommend hand washing as it helps keep the fabric and shape of the suit looking newer longer 
1, Lace 100 % Nylon Main 100 % Polyester
1, Care Instructions Machine Washable Follow Care Instruction
1, Lining 92 % Recycled polyester 8 % Elastane 
1, Shell 83 % Recycled polyester 17 % Elastane
1, Fabric 100 % bovine leather
1, 75 % Polyester 20 % Viscose 5 % Elastane
1, Iron at a maximum sole-plate temperature of 110 degrees
1, Steam-ironing may be risky
1, 98 % Cotton 2 % Elastane 
1, A wardrobe staple our versatile chino trousers are made from a cotton stretch fabric for comfort and style all in one
1, Made from smooth cotton twill this regular-fit shirt is available in neutral shades that can be worn everywhere
1, Fabric 97 % polyester 3 % lycra
1, KEEP AWAY FROM FIRE
1, Guanaco Mohair hair Sisal
1, Melamine Polyurethane Yak wool
1, Care Instructions Hand wash or professional dry clean
1, A fabric with a majority of certified-organic natural fibres cotton wool silk linen 
1, A fabric with a majority of recycled fibres either natural or synthetic principally cotton wool linen polyester polyamide or silk 
1, Dry-cleaning in trifluorotrichloroethane white spirit distillation temperature between 150 degrees and 210 degrees flash point 38 degrees to 60 degrees Normal cleansing procedures without restrictions 
1, Dry-cleaning in all solvents normally used for dry-cleaning - this includes all solvents listed for the symbol P plus trichloroethylene and 1 1 1-trichloroethane
1, Steaming and steam treatments are not allowed
1, Iron at a maximum sole-plate
1, Wring gently by hand or for a short time by centrifugal hydroextractor
1, Cannot be wrung
1, Use only a petroleum based solvent
1, Use solvent of perchloroethylene or of petroleum
1, Can be dry cleaned
1, Do not use chlorine-based bleach
1, Chlorine-based bleaching allowed	
1, Machine washable in maximum water temperature of 40 degrees
1, Cannot be washed with water
1, Machine washable at slow water current or gentle hand wash in maximum water temperature of 30 degrees
1, Should be washed gently by hand not machine washable 
1, Machine washable at slow water current or gentle hand wash in maximum water temperature of 40 degrees
1, Machine washable in maximum water temperature of 95 degrees
1, Outer 100 % Cotton Lining 100 % Silk 
1, Outer 60 % Cotton 40 % Polyester Inner 96 % Polyamide 4 % Elastane
1, 70 % Silk 25 % Viscose 5 % Linen
1, Denim
1, 98 % Cotton 2 % Elastane
1, Materials 80 % Polyamide 20 % Elastane 
1, Care Instructions Handwash only 
1, The faux leather is soft but flexible with incredible four-way stretch and recovery 
1, Outer layer 100 % polyester coating 100 % polyurethane 
1, Insulation layer Expandable polyethyle padding
1, Inner lining 100 % nylon 
1, 100 % polyester 100 % polyurethane external coating 100 % waterproof 4000 mm water column Seal seam
1, Made of Polireta its slightly in the form of a and with the curved hem with side openings it will surprise you for its versatility and timelessness 
1, It's crafted to be ultra-lightweight and durable with a ripstop 7 denier nylon giving the silhouette its translucent appearance 
1, While internally a 95 % duck down and 5 % white duck feather is added via direct down injection filling the garment's baffles for a voluminous look and warming fill
1, Soft Leather
1, medium leather metal applications two-tone leather backing internal pocket detachable top handle adjustable shoulder strap daytime contains non-textile parts of animal origin flap bag
1, scan the QR code on the item's care label 
1, 100 % Polyamide
1, 64 % Silk 17 % Viscose 10 % Polyamide 6 % Elastane 3 % Polyester
1, 95 % Tencel Lyocell 5 % Elastane
1, 93 % Viscose 7 % Polyester
1, Textile fibers
1, coated fabric glitter rhinestones laminated effect two-tone leather lining elasticized gores round toeline flat rubber cleated sole contains non-textile parts of animal origin
1, leather textured leather laminated effect beads solid colour with appliqués leather backing narrow toeline flat rubber sole contains non-textile parts of animal origin ballet flats
1, synthetic rubber material brand logo laminated effect multicolor pattern laces round toeline flat leather backing rubber sole contains non-textile parts of animal origin
1, leather suede effect no appliqués solid color leather lining zipper closure square toeline square heel rubber sole contains non-textile parts of animal origin
1, 100 % Lambskin
1, 100 % Bovine leather
1, medium leather brand logo solid color internal pocket magnetic fastening bag handle detachable shoulder strap daytime contains non-textile parts of animal origin flap bag
1, 97 % Cotton 3 % Elastane Calfskin
1, 86 % Recycled polyester 14 % Elastane
1, Materials 80 % Polyamide 20 % Elastane Care
1, Instructions Handwash only 
1, Crafted from Universal Works' iconic Autumn-Winter fabric this cardigan is meticulously constructed from a sports outdoor wool-based fleece 
1, This material is renowned for its exceptional warmth and enduring style 
1, Elevate your winter wardrobe with the Grey Marl Wool Fleece Cardigan
1, 50 % Viscose 45 % Polyester 5 % Elastane
1, jersey contrasting applications checked fully lined wash at 30° c do not dry clean iron at 110° c max do not tumble dry do not bleach balaclava
1, 35 % Acrylic 30 % Alpaca wool 20 % Polyamide 15 % Wool
1, Suede and mesh materials offer durability and breathable comfort with signature features oversized NB logo and N overlay on the sideUnderfoot a soft midsole and reliable rubber outsole keep you on your feet
1, Machine wash with similar colours
1, Main 68 % Viscose Rayon 27 % Polyamide 5 % Elastane Lining 60 % Polyamide 20 % Elastane
1, 100 % Ovine leather
1, Composition 23 % polyamide 28 % acrylic 30 % spandex 19 % viscosedo 
1, Crafted for optimum comfort they're made from soft cotton-blend that offers gentle support
1, Drying Instructions Do not tumble dry
1, Sole 70 % Polyvinyl chloride 30 % Thermoplastic polyurethane
1, Upper material 98 % Polyvinyl chloride 2 % Polyurethane
1, Innersole 70 % Polyvinyl chloride 30 % Thermoplastic polyurethane
1, Linen-mix fabric soft and lightweight
1, Upper Leather textile
1, Insole Textile
1, Sole Synthetic
1, Made from pure extra-fine merino wool with a macro geometric pattern and cable knit
1, This product has been made from recycled material as part of our commitment to end plastic waste
1, Palm 51 % Polyester 22 % Nylon 27 % Polyurethane
1, Care Instructions Machine Washable Follow Care Instructions
1, Cotton 93 % Wool 5 % Spandex Elastane 2 %
1, 96 % Recycled polyester 4 % Elastane
1, Sole Polyethylene vinyl acetate PEVA 
1, Constructed from a supple cotton blend that exudes breathabilltiy making for a lightweight wear this T shirt dress is a must have on those sunnier days
1, Sole Polyurethane 60 % Thermoplastic Polyurethane TPU 40 %
1, The ladies summer skirt is made with silk-like viscose providing a super-soft feel
1, rubber cleated solecontains non-textile parts of animal origin
1, Made with recycled EcoSystem fabrics it offers compact carrying for your essentials
1, EcoSystem Fabric made from 100 % recycled post-consumer water bottles
1, Textile 88 % Synthetic 12 %
1, Taking iconic styles and bringing them back to life this track top has been crafted from a recycled polyester blend fabrication while the loose fit silhouette allows this piece to be versatile
1, 70 % Polyester recycled 30 % Cotton
1, Material Content Leather Textile Other Materials
1, Lining Cushion Comfort Memory Foam Leather Sock
1, Upper Suede Quality Leather 
1, Wash Instructions Dry clean only do not machine wash or tumble dry
1, Wash Instructions Machine wash cold tumble dry low iron on low heat
1, Lens Material Plastic
1, Frame Material Plastic
1, The frame is made from a classic Plastic whilst the lenses are made of durable and high grade Prizm Grey
1, Polycarbonate Lenses
1, Metal Other 100 %
1, Material Metal Stainless Steel
1, The product material is Plastic
1, Do not clean with harsh chemicals
1, Do not leave in direct sunlight when not worn
1, Keep in a case when not worn
1, They are made from Stainless Steel making them light strong and hypo allergenic
1, Frame Material Stainless Steel
1, The metal frame is super lightweight and the soft silicone nose pads are adjustable for a personalised fit
1, The product material is Metal
1, Frame material acetate
1, Nylon frame
1, Material Acetate
1, Frame bio based plastic tri density face foam injected dye
1, Strap 50mm polyester gripper silicone helmet compatible
1, Case Included microfiber bag
1, Bio based plastic frames provide all day comfort
1, Lens polycarbonate Carl Zeiss Super AntiFog Kyohou inner lens
1, Material type merino wool
1, Material type merino wool synthetic fibre
1, Frame double layer foam padding plastic
1, Material type synthetic fibre fleece
1, Main material 66 % polyester 34 % acryli
1, Frame three layer foam padding with ventilation holes
1, Lens polycarbonate with ventilation holes double lens
1, These Polaroid Sunglasses are made from a high quality Plastic for durability and comfort
1, Made from Plastic and Crystal these Ray Ban RB4246 Clubround sunglasses are durable and trendy
1, Frame Material Copper
1, Lenses 61 % Fossil Fuel Lenses 39 % Plant Based Resin
1, Use A Damp Cloth And A Mild Soap To Clean The Lenses Then Dry Them With The Soft Cleaning Cloth Sold With The Product
1, Do Not Use Solvents E G Alcohol Acetone Or Aggressive Detergents
1, The Maverick Lifestyle Polarized Square Sunglasses feature a rubberized plastic frame with minimal glare 
1, pilot frame sunglasses from CAZAL featuring gold tone metal acetate gradient lenses pilot frame nose pads and curved tips 
1, Gold Plated Metal 60 % Acetate 40 %
1, The frames is made with at least 25 % recycled content 
1, Care Cleaning Spot or Wipe Clean
1, Made of Plastic these frames can also be ordered with customizable lenses at a great price
1, as showcased in these sunglasses constructed with a gold toned metal frame and tortoiseshell effect temple tips
1, Acetate 95 % Titanium 5 %
1, Material Injected Plastic
1, The item's frame is made of Pantographed Plastic
1, Evolve polymer stainless steel
1, metal applications 74 % Cotton 22 % Acrylic 4 % Polyester
1, 79 % rayon 17 % polyester 4 % 
1, Faux patent leather or manmade upper manmade lining manmade outsole
1, Made of Metal and Plastic this specific pair of Tom Ford FT0622 sunglasses are durable and trendy
1, Stretch Nylon Interlock 6 5oz 220gsm 71 % Nylon 29 % Elastane
1, With harness friendly stash pockets and a secure high rise waist these skin tight active pants have everything you need for a good day out on the rocks 
1, Bluesign Approved Material
1, NetPlus 100 % Postconsumer Recycled Nylon Ripstop – 1 2-oz 20-denier nylon ripstop made from recycled fishing nets to help reduce ocean plastic pollution 
1, PFC-free DWR Finish – Durable water repellent coating that does not contain perfluorinated chemicals 
1, 800-Fill Power 100 % Virgin Goose Down – Certified by Control Union 880272 to meet the Responsible Down Standard
1, Lining – 100 % Polyamide
1, Lining 2 – 100 % Recycled Polyester
1, Polyamide Polyester Polypropylene Recycled Polyester
1, Body Insulation – 70 % Polypropylene 30 % Polyester
1, 100 % Polyester with PFC-Free Durable Water Repellent DWR Treatment
1, Premium Japanese Technical Materials
1, This product may contain chemicals known to the State of California to cause cancer or birth defects or other reproductive harm 
1, 100 % Organic Cotton 160g 
1, This organic cotton pocket tee features a one-of-a-kind ice dye pattern making each shirt as unique as your adventures 
1, 70 % Merino Wool 18 % Recycled Nylon 11 % Nylon 1 % Elastane
1, 95 % Cotton 5 % Elastane 180gsm Jersey
1, 50 % Acrylic 35 % Nylon 15 % Wool
1, 100 gm FUTUREFLEECE LT 37 % Recycled Polyester 63 % Polyester
1, Features lower-pile full-loop construction and octa-yarns to provide an optimal warmth-to-weight ratio 
1, Body – 159 gm Polartec—100 % recycled polyester fleece
1, Overlays – 70D x 160D 116 gm 100 % nylon plain weave with non-PFC durable water-repellent non-PFC DWR finish
1, Pocket-Bag and Hem-Facing Lining – 172 gm 62 % recycled polyester 38 % polyester jersey knit with FlashDry and non-PFC DWR finish
1, 100 % recycled GORE-TEX waterproofing and an articulated fit are ready for snowy bootpacking adventures and climate-controlled Chimney Venting system will keep you comfortable all season long 
1, Body – 75D x 15D 155 gm 100 % recycled polyester face 
1, Back Panel – 150D 162 gm 96 % polyester 4 % elastane 
1, Kickpatches – 500D 265 gm 100 % nylon 
1, Waterproof taped zipper through front 
1, 100 % Nylon Tricot Backer
1, 100 % Recycled Dope Dye Nylon
1, Made with a durable yet lightweight and eco-friendly Arato 15D recycled nylon shell Responsible Down Standard insulation and a recycled Arato Bio lining the Cerium Hoodie is an insulator that you can feel good wearing in more ways than one 
1, Shell and Lining – 90 % Nylon 10 % Spandex 20D Stretch Woven bluesign approved
1, Insulation – 60 gm 55 % Repreve Recycled Polyester 35 % Sorona 10 % Polyester
1, With a shell of Repreve Recycled Polyester and bio-based Sorona fabric and VerticalX ECO SR insulation you can feel as good about the impact of this jacket as you do about wearing it on a cold day 
1, Crafted from a lightweight blend of wicking recycled polyester and elastane the Patagonia R2 TechFace Hoodie brings together breathability and flexibility like never before 
1, 7 9-oz 92 % Recycled Polyester 8 % Elastane
1, Solid Body – 50 gm 100 % recycled polyester with non-PFC durable water-repellent finish 
1, Print Body – 48 gm 100 % recycled polyester with non-PFC durable water-repellent finish 
1, Lining – 50 gm 100 % recycled polyester with non-PFC durable water-repellent finish 
1, Insulation – 60 gm 75 % recycled polyester 25 % polyester sheet insulation 
1, Thoughtfully designed to be disassembled and recycled by us at the end of its life into raw materials for a second generation of products 
1, Going beyond just free the knee these high functioning shorts are fashioned from a breathable 4-way stretch fabric with a DWR finish to protect against unanticipated rain showers
1, Crafted from 100 % cotton it's your go-to for any occasion whether you're kicking back or stepping out 
1, 94 % Nylon 6 % Spandex Stretch Fabric with Durable Water Repellent DWR Finish
1, Canvas Suede Uppers
1, Closed Cell Polyurethane PU Insert protection provides super impact protection and consistent fit 
1, Yarn in upper contains at least 50 % Parley Ocean Plastic and 50 % recycled polyester 
1, Recycled Performance 4 Way Stretch Knit 88 % Recycled Polyester 12 % Elastane
1, 96 % Polyester 4 % Elastane
1, Made from a recycled performance 4-way stretch knit material this classic hoodie has all the little details that'll make it your go-to garb every time the weekend rolls around 
1, 100 % Nylon with Durable Water Repellent DWR Finish
1, Polyester Performance Jersey Fabric with Soft Cotton-Like Hand Feel
1, Side Panel Fabric 100 % Polyester Performance Stretch Fleece
1, 100 % Polyester – Made with highly crimped multi-denier siliconized polyester yarn this lightweight breathable and thermally efficient staple fiber is very compressible and has excellent loft retention 
1, 100 % Polyester 55 % Recycled PrimaLoft Gold Eco Insulation 60g Thermally efficient insulation that's hydrophobic highly breathable and diffuses next-to-skin moisture vapor for ultimate moisture management 
1, 92 % Recycled Polyester 8 % Elastane
1, Hand wash cold
1, Trim: 100 % Polyester
1, Faux feather: 100 % Polyamide
1, Main: 84 % Viscose 16 % Polyamide
1, Machine wash inside out on a cold gentle cycle
1, 62 % Polyester 23 % Acrylic 10 % Polyamide 5 % Wool
1, Side Panel Fabric 100 % Polyester Performance Stretch Fleece
1, The leather upper is smooth and soft and a rubber cupsole with EVA drop-in cushioning secures comfort as you go about your day 
1, polyamide 84 % Spandex Elastane 16 %
1, 70 % Polyamide 30 % Polyester Melange Ripstop with Durable Water Repellent DWR Treatment
1, 81 % cotton 15 % recycled polyester 4 % elastane
1, Waterproof knit upper in a work boot style with a composite toe
1, Stretch Panels – 37 % Nylon 44 % Polyester 19 % Elastane
1, Pocket Lining – 75D 140 gm 90 % polyester 10 % elastane-knit mesh
1, 100 % Cotton Canvas Lining 100 % Polyester Filled Quilted
1, 55 % Bio Based 45 % Recycled Polyester
1, Elastane Nylon Polyester Polyurethane PU Recycled Polyester
1, Body – 85 % Recycled Polyester 15 % Elastane
1, 45 % Repreve Polyester 55 % Polyester – Stellar Sandstone and Out Of Bounds Colorways
1, Pocket – 46 % Recycled Nylon 40 % Nylon 14 % Spandex
1, Vigor Grid Fleece – 94 % Polyester 6 % Spandex
1, 44 % Recycled Polyester 44 % Polyester 12 % Spandex
1, 36 % Combed Cotton 41 % Polyester 13 % Spandex 10 % Elastic
1, Synthetic Nubuck Upper with Lycra Liner
1, With a classic crew construction and made from a soft cotton polyester spandex blend they'll keep your feet looking good and feeling snappy all day long 
1, Hood Shoulders Sleeves and Front Body – 90 % Nylon 10 % Spandex
1, Back Body Side Panels and Under Sleeves – 95 % Polyester 5 % Spandex
1, Interior of Hood Shoulders Sleeves and Front Body – 100 % Polyester
1, 94 % Nylon 6 % Spandex Stretch Fabric with Durable Water Repellent DWR Finish
1, Now with a shell and lining of NetPlus 100 % postconsumer recycled Nylon ripstop made from recycled fishing nets and with the best down insulation available this vest is indispensable for the outdoor enthusiast 
1, 57 % Combed Cotton 22 % Polyester 17 % Nylon 4 % Elastane
1, Soft stretchy and fully equipped for the day's activities they're made from a comfortable blend of Cotton Coolmax All Season Polyester and Lycra spandex 
1, PFC-Free DWR Finish – Durable Water Repellent coating that does not contain perfluorinated chemicals 
1, Crafted from 100 % postconsumer recycled polyester this eco-warrior of a jacket boasts a PFC-Free DWR finish for ultimate water resistance 
1, Suitable for school play the ski hill and more and built of 100 % recycled polyester to boot 
1, 100 % combed ring spun cotton
1, Only non-chlorine bleach when needed
1, Made from recycled polyester with elastane and equipped with handwarmer pockets the Sidley Fleece has the simple styling and all the functional comforts you've been looking for 
1, 100 % Recycled Polyester High-Pile Double-Faced Fleece
1, 230 gm 70 % Cotton 26 % Nylon 4 % Elastane Blended Stretch Canvas
1, 100 % Polyester Knit Jersey Face Bonded to Brushed Back Fleece
1, 60 % Organic Cotton 38 % Cotton 2 % Spandex
1, 75D x 75D 140 gm 86 % recycled polyester 14 % elastane plain weave with FlashDry-XD and non-PFC durable water-repellent non-PFC DWR finish
1, 66 % nylon 24 % recycled polyester 10 % elastane soft elastic
